<?xml version="1.0" encoding="UTF-8" standalone="yes"?>
<addon id="plugin.video.flixplay"
       name="[COLOR red][B]FLIXPLAY[/B][/COLOR]"
       version="1.0.0"
       provider-name="[COLOR white][B]FLIXPLAY PRODUCOES[/B][/COLOR]">
  <requires>
    <import addon="xbmc.python" version="2.1.0"/>
	<import addon="script.module.t0mm0.common" version="2.0.0"/>
    <import addon="script.module.beautifulsoup" version="3.2.1"/>
    <import addon="script.module.simple.downloader" version="0.9.4"/>
    <import addon="script.module.beautifulsoup4" />
    <import addon="script.module.simple.downloader" version="0.9.4"/>
    <import addon="script.module.requests" />
    <import addon="script.module.httplib2" />
    <import addon="script.module.youtube.dl" optional="true"/>
    <import addon="plugin.video.youtube" version="3.0.0"/>
    <import addon="script.module.urlresolver" optional="true"/>
    <import addon="script.module.simplejson" /> 
    <import addon="script.common.plugin.cache" version="2.5.2"/>
    <import addon="script.module.metahandler" version="2.5.1"/>

    </requires>
  <extension point="xbmc.python.pluginsource" library="default.py">
    <provides>video</provides>
  </extension>
  <extension point="xbmc.addon.metadata">
    <summary>[COLOR white][B]FLIXPLAY ADDON DE FILMES,SERIES,DESENHOS,ANIMES E MUITO MAIS TUDDO ISSO EM HD PARA SUA DIVERSAO[/B][/COLOR]</summary>
    <description lang="pt">[COLOR green][B]NAO HOSPEDAMOS NENHUM CONTEUDO EXPOSTO TODOS OS CONTEUDOS SAO DE RESPONSABILIDADE DE QUEM HOSPEDA NOS SITES[/B][/COLOR]</description>
    <platform>all</platform>
  </extension>
</addon>
