<?xml version="1.0" encoding="utf-8"?>
<window>
	<defaultcontrol>9000</defaultcontrol>
	<allowoverlays>true</allowoverlays>
	<controls>

	
	
	
	
	<control type="image" id="1">
      <left>33</left>
      <top>100</top>
      <width>1210</width>
      <height>537</height>
      <visible>Control.IsVisible(106)</visible>
      <colordiffuse>FFFFFFFF</colordiffuse>
      <fadetime>200</fadetime>
      <texture>code_box_1210x537.png</texture>
      <!-- <aspectratio>keep</aspectratio> -->
	</control>	
	
	
	<control type="image" id="2">
      <left>50</left>
      <top>150</top>
      <width>650</width>
      <height>470</height>
      <visible>Control.IsVisible(106)</visible>
      <colordiffuse>FFFFFFFF</colordiffuse>
      <fadetime>200</fadetime>
      <texture>youraddons_box_650x470.png</texture>
      <!-- <aspectratio>keep</aspectratio> -->
	</control>	
	
	
	
	
	
	
		
		<control type="scrollbar" id="105">
		  <description></description>
		  <posx>672</posx>
		  <posy>180</posy>
		  <width>15</width>
		  <height>420</height>
		  <!-- <onleft>50</onleft> -->
		  <!--onright>71</onright-->
		  <texturesliderbackground>scrollbar_background1.png</texturesliderbackground>
		  <texturesliderbar>scrollbar_bar1.png</texturesliderbar>
		  <texturesliderbarfocus>scrollbar_bar_focus1.png</texturesliderbarfocus>
		  <textureslidernib>-</textureslidernib>
		  <textureslidernibfocus>-</textureslidernibfocus>
		  <orientation>vertical</orientation>
		  <visible>True</visible>
		  <colordiffuse>0xff307be0</colordiffuse>
		</control>
	
	
	  <control type="list" id="106">
      <description></description>
      <left>62</left>
      <top>180</top>
      <width>610</width>
      <height>420</height>
      <visible>true</visible>
      <onup>2</onup>
      <ondown>3</ondown>
      <onleft>1</onleft>
      <onright>1</onright>
      <viewtype label="3D list">list</viewtype>
      <orientation>vertical</orientation>
      <pagecontrol>105</pagecontrol>
      <scrolltime tween="sine" easing="out">200</scrolltime>
      <itemlayout width="610" height="38">
				<control type="image">
                        <width>600</width>
                        <height>38</height>
                        <left>0</left>
                        <top>0</top>
                        <!-- <visible>Control.HasFocus(106)</visible> -->
                        <texture>list2.png</texture>
                </control>
                <control type="image">
                        <left>20</left>
                        <top>5</top>
                        <width>27</width>
                        <height>27</height>
                        <info>ListItem.Icon</info>
                </control>
                <control type="label">
                        <left>0</left>
                        <top>8</top>
                        <width>600</width>
                        <height>22</height>
                        <font>font13</font>
                        <aligny>center</aligny>
                        <selectedcolor>green</selectedcolor>
                        <align>center</align>
						<!-- <label>This will be on the first line</label> -->
                        <info>ListItem.Label</info>
                </control>
                <control type="label">
                        <left>390</left>
                        <top>8</top>
                        <width>190</width>
                        <height>22</height>
                        <font>font13</font>
                        <aligny>center</aligny>
                        <selectedcolor>green</selectedcolor>
                        <textcolor>grey</textcolor>
                        <align>right</align>
                        <info>ListItem.Label2</info>
                </control>
      </itemlayout>
      <focusedlayout height="38" width="610">
                <control type="image">
                        <width>600</width>
                        <height>38</height>
                        <left>0</left>
                        <top>0</top>
                        <!-- <visible>Control.HasFocus(106)</visible> -->
                        <texture>list2b.png</texture>
                </control>
                <control type="image">
                        <left>20</left>
                        <top>5</top>
                        <width>27</width>
                        <height>27</height>
                        <info>ListItem.Icon</info>
                </control>
                <control type="label">
                        <left>0</left>
                        <top>8</top>
                        <width>600</width>
                        <height>22</height>
                        <font>font13</font>
                        <aligny>center</aligny>
                        <selectedcolor>green</selectedcolor>
                        <align>center</align>
                        <info>ListItem.Label</info>
                </control>
                <control type="label">
                        <left>390</left>
                        <top>8</top>
                        <width>190</width>
                        <height>22</height>
                        <font>font13</font>
                        <aligny>center</aligny>
                        <selectedcolor>green</selectedcolor>
                        <textcolor>grey</textcolor>
                        <align>right</align>
                        <info>ListItem.Label2</info>
                </control>
      </focusedlayout>
</control>
	
	
	  <control type="progress" id="107">
		  <description></description>
		  <left>800</left>
		  <top>330</top>
		  <width>300</width>
		  <height>30</height>
		  <visible>true</visible>
		  <reveal>false</reveal>
		  <!-- <texturebg>mybackgroundtexture.png</texturebg> -->
		  <!-- <lefttexture>mydowntexture.png</lefttexture> -->
		  <!-- <midtexture>mymidtexture.png</midtexture> -->
		  <!-- <righttexture>myrighttexture.png</righttexture> -->
		  <!-- <overlaytexture>myoverlaytexture.png</overlaytexture> -->
		  <info></info>
      </control>
	  
	  
	  
	  <control type="progress" id="108">
		  <description></description>
		  <left>800</left>
		  <top>390</top>
		  <width>300</width>
		  <height>30</height>
		  <visible>true</visible>  
		  <reveal>false</reveal>
		  <!-- <texturebg>mybackgroundtexture.png</texturebg> -->
		  <!-- <lefttexture>mydowntexture.png</lefttexture> -->
		  <!-- <midtexture>mymidtexture.png</midtexture> -->
		  <!-- <righttexture>myrighttexture.png</righttexture> -->
		  <!-- <overlaytexture>myoverlaytexture.png</overlaytexture> -->
		  <info></info>
      </control>
	  
	  
	  
	  
	</controls>
</window>