<?xml version="1.0" encoding="UTF-8" standalone="yes"?>
<addon id="plugin.video.youporn" 
	     name="YouPorn" 
	     version="3.0.1" 
	     provider-name="Echo Coder">
  <requires>
	<import addon="xbmc.python" version="2.1.0" />
    <import addon="script.module.urlresolver" />
    <import addon="script.module.urlresolver.xxx"/>
  </requires>
  <extension point="xbmc.python.script" library="default.py">
    <provides>video</provides>
  </extension>
  <extension point="xbmc.addon.metadata">
    <platform>all</platform>
    <summary lang="en">OVER 18 ONLY - Support is available https://github.com/Colossal1/plugin.video.youporn/issues</summary>
    <description lang="en">YouPorn Scraping by Echo Coder

Skin and code for skin by Demonstratorz</description>
    <disclaimer lang="en"></disclaimer>
    <language></language>
    <platform>all</platform>
    <license>GNU GENERAL PUBLIC LICENSE. Version 2, June 1991</license>
    <forum>https://github.com/Colossal1/plugin.video.youporn</forum>
    <website>https://github.com/Colossal1/plugin.video.youporn</website>
    <email>echocoderxbmc@protonmail.com</email>
  </extension>
</addon>
