<?xml version="1.0" encoding="UTF-8" standalone="yes"?>
<addon id="plugin.video.skinxonf" name="Wizard SkinXonf" version="1.1.0" provider-name="Felipenaselva">
  <requires>
    <import addon="xbmc.python" version="2.1.0"/>
  </requires>
  <extension point="xbmc.python.pluginsource" library="default.py">
        <provides>executable</provides>
  </extension>
  <extension point="xbmc.addon.metadata">
    <summary lang="en">Skin Xonfluence modificada incluindo os melhores addons do momento. IPTV ativado. Quasar ok.</summary>
    <description lang="en">Skin Xonfluence customizada. Inclui os melhores addons da atualidade. Addon quasar pronto para o uso.</description>
	<website></website>
    <platform>all</platform>
  </extension>
</addon>
