<?xml version="1.0" encoding="UTF-8" standalone="yes"?>
<addon id="plugin.video.sportsextreme" version="1.0.1" name="[B][COLOR red]SPORTS [COLOR yellow]EXTREME[/B][/COLOR]" provider-name="FOLIVER FOR KODI">
  <requires>
    <import addon="xbmc.python" version="2.1.0"/>
    <import addon="script.module.addon.common" version="2.0.0"/>
    <import addon="plugin.video.youtube" version="5.0.0"/>
  </requires>
	
  <extension point="xbmc.python.pluginsource" library="default.py">
    <provides>video</provides>
  </extension>
	
  <extension point="xbmc.addon.metadata">
    <summary lang="en">Xgames</summary>
    <description lang="en">Esse addon contem os melhores e mais famos canais de esportes radicais, com centenas de videos e playlists !!!</description>
    <platform>all</platform>
    <forum></forum>
    <website></website>
  </extension>
</addon>
