﻿<?xml version="1.0" encoding="UTF-8" standalone="yes"?>
<addon id="plugin.video.extreme.com" version="1.1.0" name="Extreme Sports" provider-name="lambda">
	<requires>
		<import addon="xbmc.python" version="2.24.0" />
		<import addon="script.module.lamlib" version="1.0.0" />
		<import addon="plugin.video.youtube" version="5.2.1" optional="true" />
	</requires>
	<extension point="xbmc.python.pluginsource" library="addon.py">
		<provides>video</provides>
	</extension>
	<extension point="xbmc.addon.metadata">
		<summary lang="en">Extreme Sports addon for Kodi</summary>
		<description lang="en">Extreme Sports Channel: The Home of Action Sports</description>
		<disclaimer lang="en">This addon is not published nor endorsed by extreme.com</disclaimer>
		<license>GNU GENERAL PUBLIC LICENSE. Version 3, 29 June 2007</license>
		<source>https://github.com/lambda81/plugin.video.extreme.com</source>
		<website>http://extreme.com/</website>
		<news>- Tweaked sections[CR]- Tweaked images[CR]- Added add-on screenshots</news>
		<assets>
			<icon>icon.png</icon>
			<fanart>fanart.jpg</fanart>
			<screenshot>resources/screenshots/screenshot-01.jpg</screenshot>
			<screenshot>resources/screenshots/screenshot-02.jpg</screenshot>
			<screenshot>resources/screenshots/screenshot-03.jpg</screenshot>
		</assets>
		<platform>all</platform>
		<language></language>
		<forum></forum>
		<email></email>
	</extension>
</addon>